{
  "data_analise": "2025-11-24T22:03:05.406172",
  "total_clientes": 100,
  "estatisticas_engajamento": {
    "media": 6.079199999999999,
    "min": 1.63,
    "max": 9.88
  },
  "estatisticas_financeiras": {
    "total_gasto_medio": 190.78630000000004,
    "total_gasto_min": 0.0,
    "total_gasto_max": 897.1700000000001,
    "ticket_medio": 133.6261066666667
  },
  "segmentacao": {
    "cancelamentos": {
      "Não": 55,
      "Sim": 45
    },
    "assinantes_clube": {
      "Sim": 66,
      "Não": 34
    }
  }
}